Category Code,Category Description,Retail UPC,Case UPC,GTIN, Vendor Item Number,Pack,Size,Description
,AQ WTR,012000002090,012000002090,,31609 ,PPK12,1.5L PL ,AQ WTR
,BRSK SWL,012000810091,012000810091,,83789 ,PPK24,12OZ CN ,BRSK SWL
,CRSH ORG,078000013054,078000013054,,133065 ,PPK24,12OZ CN ,CRSH ORG
,DT PEPSI,012000809958,012000809958,,83775 ,PPK24,12OZ CN ,DT PEPSI
,DT PEPSI,012000171864,012000171864,,83775 ,PPK24,12OZ CN ,DT PEPSI
,MDEW,012000809965,012000809965,,83776 ,PPK24,12OZ CN ,MDEW
,PEPSI,012000809941,012000809941,,83774 ,PPK24,12OZ CN ,PEPSI
,PEPSI NXT,012000150296,012000150296,,130884 ,PPK24,12OZ CN ,PEPSI NXT
,SRMIST NAT LL,012000227165,012000227165,,125648 ,PPK24,12OZ CN ,SRMIST NAT LL
,PEPSI MEX,012000620362,012000620362,,126213 ,PPK24,12OZ LNK NR ,PEPSI MEX
,MAN SOL APL,012000110344,012000110344,,137574 ,PPK24,12OZ LNK NR ,MAN SOL APL
,FRAP DLC DE LECHE,012000162787,012000162787,,159701 ,PPK12,13.7OZ NR ,FRAP DLC DE LECHE
,FRAP COF,012000001802,012000001802,,69806 ,PPK12,13.7OZ NR ,FRAP COF
,FRAP CRML,012000016721,012000016721,,136599 ,PPK12,13.7OZ NR ,FRAP CRML
,FRAP MCH,012000004520,012000004520,,69807 ,PPK12,13.7OZ NR ,FRAP MCH
,FRAP VAN,012000813313,012000813313,,88159 ,PPK12,13.7OZ NR ,FRAP VAN
,FRAP WHCHOC MCH,012000151095,012000151095,,154902 ,PPK12,13.7OZ NR ,FRAP WHCHOC MCH
,FRAP MCH CNUT,012000044786,012000044786,,147591 ,PPK12,13.7OZ NR ,FRAP MCH CNUT
,FRAP SMRS,012000044779,012000044779,,147596 ,PPK12,13.7OZ NR ,FRAP SMRS
,MU MLK BAN CRM,876063002035,876063002035,,109765 ,PPK12,14OZ PL ,MU MLK BAN CRM
,MU MLK CHOC,876063002011,876063002011,,109763 ,PPK12,14OZ PL ,MU MLK CHOC
,MU MLK CHOC MALT,876063002080,876063002080,,109767 ,PPK12,14OZ PL ,MU MLK CHOC MALT
,MU MLK CKIES CRM,876063002042,876063002042,,109766 ,PPK12,14OZ PL ,MU MLK CKIES CRM
,MU MLK LT CAF LAT,876063002349,876063002349,,128205 ,PPK12,14OZ PL ,MU MLK LT CAF LAT
,MU MLK LT CHOC,876063002318,876063002318,,109769 ,PPK12,14OZ PL ,MU MLK LT CHOC
,MU MLK STW CRM,876063002097,876063002097,,109768 ,PPK12,14OZ PL ,MU MLK STW CRM
,MUSL MLK CHC UCLA,876063002011,876063002011,,126942 ,PPK12,14OZ PL ,MUSL MLK CHC UCLA
,MUSL MLK CHOC USC,876063002011,876063002011,,126943 ,PPK12,14OZ PL ,MUSL MLK CHOC USC
,MM 100 SF GF CHOC,876063005654,876063005654,,147062 ,PPK12,14OZ PL ,MM 100 SF GF CHOC
,MM 100 SF GF VANC,876063005647,876063005647,,147063 ,PPK12,14OZ PL ,MM 100 SF GF VANC
,OS APL 100,012000071751,012000071751,,123365 ,PPK12,15.2OZ PL ,OS APL 100
,OS CRAN,012000021367,012000021367,,70191 ,PPK12,15.2OZ PL ,OS CRAN
,OS CRAN GRP,012000021381,012000021381,,70193 ,PPK12,15.2OZ PL ,OS CRAN GRP
,OS CRAN LMND,012000041037,012000041037,,137959 ,PPK12,15.2OZ PL ,OS CRAN LMND
,OS CRAN POM,012000032127,012000032127,,109418 ,PPK12,15.2OZ PL ,OS CRAN POM
,OS KW STW,012000071768,012000071768,,123371 ,PPK12,15.2OZ PL ,OS KW STW
,OS ORG 100,012000071744,012000071744,,123367 ,PPK12,15.2OZ PL ,OS ORG 100
,OS PNAP PCH MGO,012000071775,012000071775,,123373 ,PPK12,15.2OZ PL ,OS PNAP PCH MGO
,OS RR GPFT,012000071782,012000071782,,123375 ,PPK12,15.2OZ PL ,OS RR GPFT
,Rockstar Roasted Expresso Latte w/ Almond,818094003773,818094003773,,145983 ,PPK12,15OZ CN 1/12,Rockstar Roasted Expresso Latte w/ Almond
,Rockstar Roasted Light Vanilla w/ Almond,818094003797,818094003797,,145984 ,PPK12,15OZ CN 1/12,Rockstar Roasted Light Vanilla w/ Almond
,Rockstar Roasted White Chocolate w/ Almond,818094003759,818094003759,,145985 ,PPK12,15OZ CN 1/12,Rockstar Roasted White Chocolate w/ Almond
,RKSTR HRCHATA,818094003834,818094003834,,147105 ,PPK12,15OZ CN 1/12,RKSTR HRCHATA
,RKSTR RSTD LAT,818094002714,818094002714,,122562 ,PPK12,15OZ CN ,RKSTR RSTD LAT
,RKSTR RSTD LT VAN,818094002516,818094002516,,122563 ,PPK12,15OZ CN ,RKSTR RSTD LT VAN
,RKSTR RSTD MCHA,818094002615,818094002615,,122564 ,PPK12,15OZ CN ,RKSTR RSTD MCHA
,ROCKSTAR Organic Strawberry,818094004657,818094004657,,160247 ,PPK24,15OZ CN ,ROCKSTAR Organic Strawberry
,STRBK DS EC WT CH,012000038488,012000038488,,132858 ,PPK12,15OZ CN ,STRBK DS EC WT CH
,STRBK DSE COF,012000028472,012000028472,,106007 ,PPK12,15OZ CN ,STRBK DSE COF
,STRBK DSE MCHA,012000028458,012000028458,,106008 ,PPK12,15OZ CN ,STRBK DSE MCHA
,STRBCKS DS E MXMC,012000151828,012000151828,,154950 ,PPK12,15OZ CN ,STRBCKS DS E MXMC
,STRBK DS E SP VAN,012000151743,012000151743,,154951 ,PPK12,15OZ CN ,STRBK DS E SP VAN
,STRBK DSE VAN,012000028496,012000028496,,106009 ,PPK12,15OZ CN ,STRBK DSE VAN
,STRBK DSE LT VAN,012000033186,012000033186,,120601 ,PPK12,15OZ CN ,STRBK DSE LT VAN
,AMP BST,012000016431,012000016431,,94128 ,PPK12,16OZ CN ,AMP BST
,AMP BST CHE,012000126352,012000126352,,133973 ,PPK12,16OZ CN ,AMP BST CHE
,AMP ENRG TRP PNCH,012000160202,012000160202,,158035 ,PPK12,16OZ CN ,AMP ENRG TRP PNCH
,AMP SF BST,012000021183,012000021183,,70007 ,PPK12,16OZ CN ,AMP SF BST
,CRSH ORG,078000019339,078000019339,,144369,PPK12,16OZ CN ,CRSH ORG
,CRSH GRP,078000019353,078000019353,,152717,PPK12,16OZ CN ,CRSH GRP
,SCHW GALE,078000019889,078000019889,,150083,PPK12,16OZ CN ,SCHW GALE
,DT PEPSI,012000030307,012000030307,,132256 ,PPK12,16OZ CN ,DT PEPSI
,DT PEPSI,012000171710,012000171710,,132256 ,PPK12,16OZ CN ,DT PEPSI
,MDEW,012000027215,012000027215,,132258 ,PPK12,16OZ CN ,MDEW
,PEPSI,012000030284,012000030284,,132261 ,PPK12,16OZ CN ,PEPSI
,MDEW KS MGO LM,012000162152,012000162152,,161617 ,PPK12,16OZ CN ,MDEW KS MGO LM
,MDEW KCKSTRT FP,012000110467,012000110467,,137569 ,PPK12,16OZ CN ,MDEW KCKSTRT FP
,MDEW KSTRT MD GRP,012000151163,012000151163,,154696 ,PPK12,16OZ CN ,MDEW KSTRT MD GRP
,MDEW KCKSTRT OC,012000110443,012000110443,,137570 ,PPK12,16OZ CN ,MDEW KCKSTRT OC
,RKSTR HDCR APL,818094004770,818094004770,,160245 ,PPK24,16OZ CN ,RKSTR HDCR APL
,RKSTR RV KL BLCHE,818094005050,818094005050,,159978 ,PPK24,16OZ CN ,RKSTR RV KL BLCHE
,RKSTR RVLT KLR GR,818094007283,818094007283,,159740 ,PPK24,16OZ CN ,RKSTR RVLT KLR GR
,RKSTR ENRG GNGR B,818094007368,818094007368,,155637 ,PPK24,16OZ CN ,RKSTR ENRG GNGR B
,RKSTR BLKOUT,818094007436,818094007436,,158316 ,PPK24,16OZ CN ,RKSTR BLKOUT
,RKSTR CNUT WTR,818094002844,818094002844,,132664 ,PPK24,16OZ CN ,RKSTR CNUT WTR
,RKSTR ENRG,818094000017,818094000017,,120721 ,PPK24,16OZ CN ,RKSTR ENRG
,RKSTR ENRG CLA,818094000093,818094000093,,123181 ,PPK24,16OZ CN ,RKSTR ENRG CLA
,RKSTR ICED,818094002066,818094002066,,133477 ,PPK24,16OZ CN ,RKSTR ICED
,RKSTR JCD GVA,818094000802,818094000802,,120727 ,PPK24,16OZ CN ,RKSTR JCD GVA
,RKSTR JCD MGO ORG,818094000505,818094000505,,120726 ,PPK24,16OZ CN ,RKSTR JCD MGO ORG
,RKSTR JCD POM,818094000901,818094000901,,120728 ,PPK24,16OZ CN ,RKSTR JCD POM
,RKSTR PNCHD,818094003001,818094003001,,120725 ,PPK24,16OZ CN ,RKSTR PNCHD
,RKSTR PNCHD CIT,818094003131,818094003131,,120737 ,PPK24,16OZ CN ,RKSTR PNCHD CIT
,RKSTR PNCHD GVA,818094000383,818094000383,,136898 ,PPK24,16OZ CN ,RKSTR PNCHD GVA
,RKSTR RCVR T LMND,818094000468,818094000468,,137509 ,PPK24,16OZ CN ,RKSTR RCVR T LMND
,RKSTR RECVRY,818094002080,818094002080,,123179 ,PPK24,16OZ CN ,RKSTR RECVRY
,RKSTR RECVRY GRP,818094002806,818094002806,,128954 ,PPK24,16OZ CN ,RKSTR RECVRY GRP
,RKSTR RECVRY ORG,818094002905,818094002905,,128956 ,PPK24,16OZ CN ,RKSTR RECVRY ORG
,RKSTR SF,818094000024,818094000024,,120722 ,PPK24,16OZ CN ,RKSTR SF
,RKSTR SPR SR GAPL,818094002554,818094002554,,138162 ,PPK24,16OZ CN ,RKSTR SPR SR GAPL
,RKSTR SPR SR BBRY,818094002592,818094002592,,137510 ,PPK24,16OZ CN ,RKSTR SPR SR BBRY
,RKSTR XDRNC,818094002257,818094002257,,132777 ,PPK24,16OZ CN ,RKSTR XDRNC
,RKSTR ZRO CRB,818094000703,818094000703,,120724 ,PPK24,16OZ CN ,RKSTR ZRO CRB
,RKSTR FRZ FRZN LM,818094003902,818094003902,,148400 ,PPK24,16OZ CN ,RKSTR FRZ FRZN LM
,RKSTR ENRG CMBRLM,818094004206,818094004206,,150038 ,PPK24,16OZ CN ,RKSTR ENRG CMBRLM
,RKSTR PRZR WM7/11,818094007139,818094007139,,152070 ,PPK24,16OZ CN ,RKSTR PRZR WM7/11
,RKSTR RVLT KLR CT,818094003926,818094003926,,154851 ,PPK24,16OZ CN ,RKSTR RVLT KLR CT
,RKSTR FRZ PCLDA,818094004152,818094004152,,148401 ,PPK24,16OZ CN ,RKSTR FRZ PCLDA
,RKSTR ENR BOOM WHIPPED STRAWBERRY,818094004176,818094004176,,150844 ,PPK24,16OZ CN ,RKSTR ENR BOOM WHIPPED STRAWBERRY
,RKSTR ENR BOOM WHIPPED ORANGE,818094004107,818094004107,,150843 ,PPK24,16OZ CN ,RKSTR ENR BOOM WHIPPED ORANGE
,LIT PLF POM,012000044304,012000044304,,145376 ,PPK12,18.5OZ PL ,LIT PLF POM
,LPT PLF IT MNT,012000160677,012000160677,,159522 ,PPK12,18.5OZ PL ,LPT PLF IT MNT
,LIT PLF EXSWT,012000286179,012000286179,,134082 ,PPK12,18.5OZ PL ,LIT PLF EXSWT
,LIT PLF GT HNY,012000286162,012000286162,,134075 ,PPK12,18.5OZ PL ,LIT PLF GT HNY
,LIT PLF NTS GTH,012000041174,012000041174,,137642 ,PPK12,18.5OZ PL ,LIT PLF NTS GTH
,LIT PLF PCH,012000286216,012000286216,,134076 ,PPK12,18.5OZ PL ,LIT PLF PCH
,LIT PLF RAZ,012000286223,012000286223,,134074 ,PPK12,18.5OZ PL ,LIT PLF RAZ
,LIT PLF SWL,012000286186,012000286186,,134073 ,PPK12,18.5OZ PL ,LIT PLF SWL
,LIT PLF SWT,012000286193,012000286193,,134071 ,PPK12,18.5OZ PL ,LIT PLF SWT
,LIT PLF UNSNL GT,012000046445,012000046445,,154710 ,PPK12,18.5OZ PL ,LIT PLF UNSNL GT
,LIT PLF UNSNL WL,012000046438,012000046438,,154713 ,PPK12,18.5OZ PL ,LIT PLF UNSNL WL
,LIT PLF UNSNL,012000286209,012000286209,,134072 ,PPK12,18.5OZ PL ,LIT PLF UNSNL
,LPT PLF NTS PCH,012000041167,012000041167,,137643 ,PPK12,18.5OZ PL ,LPT PLF NTS PCH
,LIT PLF THC BTSLH,012000007200,012000007200,,154555 ,PPK12,14OZ Glass NR ,LIT PLF THC BTSLH
,LIT PLF THC BTWBS,012000007163,012000007163,,154829 ,PPK12,14OZ Glass NR ,LIT PLF THC BTWBS
,LIT PLF THCGTFAPG,012000007170,012000007170,,154553 ,PPK12,14OZ Glass NR ,LIT PLF THCGTFAPG
,AQ WTR,012000001574,012000001574,,30347 ,PPK15,1L PL ,AQ WTR
,BRSK IT STW MLN,012000161230,012000161230,,159492 ,PPK15,1L PL ,BRSK IT STW MLN
,BRSK SYM DKCH LIMEADE VENOM,012000180262,012000180262,,168110 ,PPK15,1L PL ,BRSK SYM DKCH LIMEADE VENOM
,BRSK FP,012000567490,012000567490,,125566 ,PPK15,1L PL ,BRSK FP
,BRSK GT MGO,012000512551,012000512551,,130344 ,PPK15,1L PL ,BRSK GT MGO
,BRSK GT PCH,012000034022,012000034022,,123248 ,PPK15,1L PL ,BRSK GT PCH
,BRSK HNY GNSNG,012000110184,012000110184,,138511,PPK15,1L PL ,BRSK HNY GNSNG
,BRSK LMND SF,012000638497,012000638497,,125571 ,PPK15,1L PL ,BRSK LMND SF
,BRSK MGO ,012000110191,012000110191,,138512,PPK15,1L PL ,BRSK MGO 
,BRSK RAZ,012000024528,012000024528,,105518 ,PPK15,1L PL ,BRSK RAZ
,BRSK STML,012000034039,012000034039,,123246 ,PPK15,1L PL ,BRSK STML
,BRSK SWT,012000031878,012000031878,,121995 ,PPK15,1L PL ,BRSK SWT
,BRSK PNAP PF,012000141652,012000141652,,150039 ,PPK15,1L PL ,BRSK PNAP PF
,BRSK TEA LMND,012000034015,012000034015,,123244 ,PPK15,1L PL ,BRSK TEA LMND
,BRSK TEA BLU LMND,012000140211,012000140211,,144453 ,PPK15,1L PL ,BRSK TEA BLU LMND
,DT LPT BRSK WL,012000024511,012000024511,,122957 ,PPK15,1L PL ,DT LPT BRSK WL
,LPT BRSK LMND,012000101908,012000101908,,125569 ,PPK15,1L PL ,LPT BRSK LMND
,LPT BRSK SWL,012000202384,012000202384,,105517 ,PPK15,1L PL ,LPT BRSK SWL
,Brisk Pink Lemonade,012000384196,012000384196,,127207 ,PPK15,1L PL ,Brisk Pink Lemonade
,LPT BRSK SWL STWR,012000202384,012000202384,,135012 ,PPK15,1L PL ,LPT BRSK SWL STWR
,CRSH ORG,078000013320,078000013320,,133058 ,PPK15,1L PL ,CRSH ORG
,DT PEPSI,012000002953,012000002953,,6320 ,PPK15,1L PL ,DT PEPSI
,DT PEPSI,012000171758,012000171758,,6320 ,PPK15,1L PL ,DT PEPSI
,MDEW,012000002977,012000002977,,6319 ,PPK15,1L PL ,MDEW
,PEPSI,012000002946,012000002946,,3028 ,PPK15,1L PL ,PEPSI
,DT LPT IT GT CIT,012000061462,012000061462,,128972 ,PPK15,20OZ PL ,DT LPT IT GT CIT
,DT LPT IT GT WTML,012000061493,012000061493,,128974 ,PPK15,20OZ PL ,DT LPT IT GT WTML
,LIT NAT GT CIT,012000061455,012000061455,,128965 ,PPK15,20OZ PL ,LIT NAT GT CIT
,LIT NAT GT PFM MG,012000061479,012000061479,,128968 ,PPK15,20OZ PL ,LIT NAT GT PFM MG
,LIT NAT POM BL,012000061530,012000061530,,128967 ,PPK15,20OZ PL ,LIT NAT POM BL
,LIT NAT WL,012000061523,012000061523,,128966 ,PPK15,20OZ PL ,LIT NAT WL
,LPT NAT IT HNYPCH,012000321528,012000321528,,133923 ,PPK15,20OZ PL ,LPT NAT IT HNYPCH
,LPT NAT IT STDRFT,012000328657,012000328657,,133922 ,PPK15,20OZ PL ,LPT NAT IT STDRFT
,AQ WTR,012000001598,012000001598,,30346 ,PPK24,20OZ PL ,AQ WTR
,CRSH GRP,078000013528,078000013528,,133044 ,PPK24,20OZ PL ,CRSH GRP
,CRSH ORG,078000013283,078000013283,,133063 ,PPK24,20OZ PL ,CRSH ORG
,CRSH STW,078000013696,078000013696,,133105 ,PPK24,20OZ PL ,CRSH STW
,CRSH GRPFT 20oz,078000022988,078000022988,,142575 ,PPK24,20OZ PL ,CRSH GRPFT 20oz
,DT MDEW,012000001345,012000001345,,5873 ,PPK24,20OZ PL ,DT MDEW
,DT PEPSI,012000001307,012000001307,,4928 ,PPK24,20OZ PL ,DT PEPSI
,DT PEPSI,012000171741,012000171741,,4928 ,PPK24,20OZ PL ,DT PEPSI
,DT PEPSI WCHE,012000005794,012000005794,,99677 ,PPK24,20OZ PL ,DT PEPSI WCHE
,DT PEPSI WCHE,012000172380,012000172380,,99677 ,PPK24,20OZ PL ,DT PEPSI WCHE
,DT SRMIST,012000201158,012000201158,,99676 ,PPK24,20OZ PL ,DT SRMIST
,MAN SOL APL,012000013812,012000013812,,120199 ,PPK24,20OZ PL ,MAN SOL APL
,MDEW,012000001314,012000001314,,5874 ,PPK24,20OZ PL ,MDEW
,MDEW BAJA BLAST,012000130274,012000130274,,142878 ,PPK24,20OZ PL ,MDEW BAJA BLAST
,MDEW GM FL CITCHE,012000010361,012000010361,,104223 ,PPK24,20OZ PL ,MDEW GM FL CITCHE
,MDEW CD RD,012000002243,012000002243,,66561 ,PPK24,20OZ PL ,MDEW CD RD
,MDEW THWBK,012000032431,012000032431,,122682 ,PPK24,20OZ PL ,MDEW THWBK
,MUG RT BR,012000009105,012000009105,,9567 ,PPK24,20OZ PL ,MUG RT BR
,PEPSI CHE VAN,012000381201,012000381201,,125125 ,PPK24,20OZ PL ,PEPSI CHE VAN
,PEPSI,012000001291,012000001291,,4927 ,PPK24,20OZ PL ,PEPSI
,Pepsi RL Suger Van 20oz 1/24,012000130564,012000130564,,143892 ,PPK24,20OZ PL ,Pepsi RL Suger Van 20oz 1/24
,Pepsi RL Suger Wild Cherry 20oz 1/24,012000130557,012000130557,,143898 ,PPK24,20OZ PL ,Pepsi RL Suger Wild Cherry 20oz 1/24
,Pepsi RL Suger 20oz 1/24,012000030659,012000030659,,122683 ,PPK24,20OZ PL ,Pepsi RL Suger 20oz 1/24
,PEPSI LIMON,012000142116,012000142116,,149367 ,PPK24,20OZ PL ,PEPSI LIMON
,PEPSI MAX,012000018800,012000018800,,103512 ,PPK24,20OZ PL ,PEPSI MAX
,PEPSI NXT,012000150258,012000150258,,130881 ,PPK24,20OZ PL ,PEPSI NXT
,PEPSI THWBK,012000030659,012000030659,,122683 ,PPK24,20OZ PL ,PEPSI THWBK
,PEPSI WCHE,012000005596,012000005596,,8383 ,PPK24,20OZ PL ,PEPSI WCHE
,PEPSI X,012000391750,012000391750,,136191 ,PPK24,20OZ PL ,PEPSI X
,SRMIST NAT LL,012000215094,012000215094,,125651 ,PPK24,20OZ PL ,SRMIST NAT LL
,SCHWP G ALE,078000206401,078000206401,,18628 ,PPK24,20OZ PL ,SCHWP G ALE
,SBE CRAN GRPFT,739510400108,739510400108,,123562 ,PPK12,20OZ PL LNK ,SBE CRAN GRPFT
,SBE ENRG CIT,739510900004,739510900004,,70166 ,PPK12,20OZ PL LNK ,SBE ENRG CIT
,SBE GOJI PR YBAMT,739510209732,739510209732,,129262 ,PPK12,20OZ PL LNK ,SBE GOJI PR YBAMT
,SBE GT,739510800106,739510800106,,70172 ,PPK12,20OZ PL LNK ,SBE GT
,SBE LN FJ APL CRN,739510003125,739510003125,,123054 ,PPK12,20OZ PL LNK ,SBE LN FJ APL CRN
,SBE LN HNY GT,739510114029,739510114029,,123053 ,PPK12,20OZ PL LNK ,SBE LN HNY GT
,SBE LN RAZ LMND,739510003118,739510003118,,123057 ,PPK12,20OZ PL LNK ,SBE LN RAZ LMND
,SBE MGO MLN,739510100909,739510100909,,123541 ,PPK12,20OZ PL LNK ,SBE MGO MLN
,SBE ORG CRM,739510900431,739510900431,,123550 ,PPK12,20OZ PL LNK ,SBE ORG CRM
,SBE ORG CRT,739510400009,739510400009,,123565 ,PPK12,20OZ PL LNK ,SBE ORG CRT
,SBE PNA CLD,739510900400,739510900400,,123554 ,PPK12,20OZ PL LNK ,SBE PNA CLD
,SBE PWR FT PCH,739510900103,739510900103,,123546 ,PPK12,20OZ PL LNK ,SBE PWR FT PCH
,SBE STW BAN,739510900417,739510900417,,123556 ,PPK12,20OZ PL LNK ,SBE STW BAN
,SBE STW DAQ,739510100701,739510100701,,123558 ,PPK12,20OZ PL LNK ,SBE STW DAQ
,SBE WHT PCH OLG T,739510209749,739510209749,,129263 ,PPK12,20OZ PL LNK ,SBE WHT PCH OLG T
,GAT AM ORG STW,052000209136,052000209136,,103898 ,PPK24,20OZ WM PL ,GAT AM ORG STW
,GAT BLU,052000324815,052000324815,,92443 ,PPK24,20OZ WM PL ,GAT BLU
,GAT FRC GRP,052000324822,052000324822,,85532 ,PPK24,20OZ WM PL ,GAT FRC GRP
,GAT FT PNCH,052000328660,052000328660,,85522 ,PPK24,20OZ WM PL ,GAT FT PNCH
,GAT FT PNCH FF,052000201024,052000201024,,93286 ,PPK24,20OZ WM PL ,GAT FT PNCH FF
,GAT G2 BLU POM,052000209716,052000209716,,107962 ,PPK24,20OZ WM PL ,GAT G2 BLU POM
,GAT G2 FT PNCH,052000204056,052000204056,,104850 ,PPK24,20OZ WM PL ,GAT G2 FT PNCH
,GAT G2 GLCR FRZ,052000200065,052000200065,,122704 ,PPK24,20OZ WM PL ,GAT G2 GLCR FRZ
,GAT G2 GRP,052000204063,052000204063,,104851 ,PPK24,20OZ WM PL ,GAT G2 GRP
,GAT G2 LL,052000209648,052000209648,,107356 ,PPK24,20OZ WM PL ,GAT G2 LL
,GAT G2 ORG,052000204070,052000204070,,104852 ,PPK24,20OZ WM PL ,GAT G2 ORG
,GAT G2 RAZ MLN,052000131437,052000131437,,128161 ,PPK24,20OZ WM PL ,GAT G2 RAZ MLN
,GAT G2 STW KW,052000209631,052000209631,,107397 ,PPK24,20OZ WM PL ,GAT G2 STW KW
,GAT GLCR FRZ,052000324860,052000324860,,85526 ,PPK24,20OZ WM PL ,GAT GLCR FRZ
,GAT FRC GRP,052000324822,052000324822,,85532 ,PPK24,20OZ WM PL ,GAT FRC GRP
,GAT LL,052000328684,052000328684,,85520 ,PPK24,20OZ WM PL ,GAT LL
,GAT ORG,052000328677,052000328677,,85524 ,PPK24,20OZ WM PL ,GAT ORG
,GAT PRO INV BRY,052000202045,052000202045,,104847 ,PPK24,20OZ WM PL ,GAT PRO INV BRY
,GAT PRO INV CIT,052000202069,052000202069,,104849 ,PPK24,20OZ WM PL ,GAT PRO INV CIT
,GAT PRO INV STW,052000202052,052000202052,,104848 ,PPK24,20OZ WM PL ,GAT PRO INV STW
,GAT RIP RSH,052000324884,052000324884,,85530 ,PPK24,20OZ WM PL ,GAT RIP RSH
,RKSTR ENRG,818094000147,818094000147,,120742 ,PPK12,24OZ CN ,RKSTR ENRG
,RKSTR RECVRY,818094002127,818094002127,,125301 ,PPK12,24OZ CN ,RKSTR RECVRY
,RKSTR RECVRY GRP,818094002868,818094002868,,137096 ,PPK12,24OZ CN ,RKSTR RECVRY GRP
,RKSTR RECVRY ORG,818094002882,818094002882,,137097 ,PPK12,24OZ CN ,RKSTR RECVRY ORG
,RKSTR XD BLU RAZ,818094007818,818094007818,,172122 ,PPK12,24OZ CN ,RKSTR XD BLU RAZ
,RKSTR XD CTN CNDY,818094007764,818094007764,,172120 ,PPK12,24OZ CN ,RKSTR XD CTN CNDY
,RKSTR XD SS GRNAP,818094007795,818094007795,,172121 ,PPK12,24OZ CN ,RKSTR XD SS GRNAP
,RKSTR SF,818094000154,818094000154,,120743 ,PPK12,24OZ CN ,RKSTR SF
,RKSTR ZRO CRB,818094000741,818094000741,,120745 ,PPK12,24OZ CN ,RKSTR ZRO CRB
,RKSTR PRZR PN,818094003445,818094003445,,145267 ,PPK12,24OZ CN ,RKSTR PRZR PN
,GAT BLU,052000241235,052000241235,,94182 ,PPK24,24OZ PL ,GAT BLU
,GAT FRC GRP,052000241297,052000241297,,94190 ,PPK24,24OZ PL ,GAT FRC GRP
,GAT FT PNCH,052000241211,052000241211,,94191 ,PPK24,24OZ PL ,GAT FT PNCH
,GAT LL,052000241204,052000241204,,94200 ,PPK24,24OZ PL ,GAT LL
,GAT FLW STW KW,052000013726,052000013726,,159437 ,PPK15,28OZ PL,GAT FLW STW KW
,GAT  ZERO GLACIER CHERRY,0-5200004234-4,0-5200004234-4,,166746,PPK15,28OZ PL,GAT  ZERO GLACIER CHERRY
,GAT  ZERO LEMON LIME,0-5200004231-3,0-5200004231-3,,166740,PPK15,28OZ PL,GAT  ZERO LEMON LIME
,GAT  ZERO ORANGE,0-5200004232-0,0-5200004232-0,,166736,PPK15,28OZ PL,GAT  ZERO ORANGE
,GAT FLW BLKBRY WV,052000013719,052000013719,,159439 ,PPK15,28OZ PL,GAT FLW BLKBRY WV
,GAT STWBRY SPLSH,052000013740,052000013719,,159433 ,PPK15,28OZ PL,GAT STWBRY SPLSH
,GAT AM ORG STW,052000135237,052000135237,,133952 ,PPK15,28OZ PL,GAT AM ORG STW
,GAT AM TROP MGO,052000135213,052000135213,,133950 ,PPK15,28OZ PL,GAT AM TROP MGO
,GAT BLU,052000135176,052000135176,,133934 ,PPK15,28OZ PL,GAT BLU
,GAT CIT CLR,052000135299,052000135299,,133959 ,PPK15,28OZ PL,GAT CIT CLR
,GAT CL BLU CHE,052000131505,052000131505,,134802 ,PPK15,28OZ PL,GAT CL BLU CHE
,GAT FRC GRP,052000135169,052000135169,,133931 ,PPK15,28OZ PL,GAT FRC GRP
,GAT FRC MLN,052000135220,052000135220,,133951 ,PPK15,28OZ PL,GAT FRC MLN
,GAT FRC STW,052000135282,052000135282,,133958 ,PPK15,28OZ PL,GAT FRC STW
,GAT FRST ARC BLZ,052000010299,052000010299,,153752 ,PPK15,28OZ PL,GAT FRST ARC BLZ
,GAT FRST ICY CHRG,052000010282,052000010282,,153754 ,PPK15,28OZ PL,GAT FRST ICY CHRG
,GAT FT PNCH,052000135138,052000135138,,133928 ,PPK15,28OZ PL,GAT FT PNCH
,GAT FR GRN APL,052000104110,052000104110,,141440 ,PPK15,28OZ PL,GAT FR GRN APL
,GAT G2 BLU POM,052000135121,052000135121,,133944 ,PPK15,28OZ PL,GAT G2 BLU POM
,GAT G2 FT PNCH,052000135305,052000135305,,133945 ,PPK15,28OZ PL,GAT G2 FT PNCH
,GAT G2 GLCR FRZ,052000135107,052000135107,,133942 ,PPK15,28OZ PL,GAT G2 GLCR FRZ
,GAT G2 GRP,052000135329,052000135329,,133947 ,PPK15,28OZ PL,GAT G2 GRP
,GAT G2 LL,052000135114,052000135114,,133943 ,PPK15,28OZ PL,GAT G2 LL
,GAT G2 ORG,052000135312,052000135312,,133946 ,PPK15,28OZ PL,GAT G2 ORG
,GAT G2 RAZ MLN,052000135060,052000135060,,133940 ,PPK15,28OZ PL,GAT G2 RAZ MLN
,GAT G2 TROP BLND,052000135077,052000135077,,133941 ,PPK15,28OZ PL,GAT G2 TROP BLND
,GAT GLCR CHE,052000102413,052000102413,,137415 ,PPK15,28OZ PL,GAT GLCR CHE
,GAT GLCR FRZ,052000135190,052000135190,,133932 ,PPK15,28OZ PL,GAT GLCR FRZ
,GAT LL,052000135152,052000135152,,133930 ,PPK15,28OZ PL,GAT LL
,GAT LME CUCMBR,052000135084,052000135084,,133926 ,PPK15,28OZ PL,GAT LME CUCMBR
,GAT ORG,052000135145,052000135145,,133929 ,PPK15,28OZ PL,GAT ORG
,GAT RIP RSH,052000135183,052000135183,,133933 ,PPK15,28OZ PL,GAT RIP RSH
,GAT RN BRY,052000135206,052000135206,,133949 ,PPK15,28OZ PL,GAT RN BRY
,GAT RN LME,052000135244,052000135244,,133953 ,PPK15,28OZ PL,GAT RN LME
,GAT RN STW KW,052000135268,052000135268,,133956 ,PPK15,28OZ PL,GAT RN STW KW
,GAT STW WTRMLN,052000134902,052000134902,,133939 ,PPK15,28OZ PL,GAT STW WTRMLN
,GAT TANG/MAND,052000134896,052000134896,,133948 ,PPK15,28OZ PL,GAT TANG/MAND
,GAT WTRMLN CIT,052000135091,052000135091,,133927 ,PPK15,28OZ PL,GAT WTRMLN CIT
,GAT XF FP WBRY,052000135251,052000135251,,133954 ,PPK15,28OZ PL,GAT XF FP WBRY
,GAT XTRM MGO,052000135275,052000135275,,133957 ,PPK15,28OZ PL,GAT XTRM MGO
,GAT CIT CLR,052000135299,052000135299,,133959 ,PPK15,28OZ PL,GAT CIT CLR
,GATORADE FLOW WATERMELON MIST ,052000041439,052000041439,,164834 ,PPK15,28OZ PL,GATORADE FLOW WATERMELON MIST 
,CRSH ORG,078000013368,078000013368,,133059 ,PPK8,2L PL ,CRSH ORG
,DT PEPSI,012000002311,012000002311,,31742 ,PPK8,2L PL ,DT PEPSI
,DT PEPSI,012000171765,012000171765,,31742 ,PPK8,2L PL ,DT PEPSI
,PEPSI,012000002304,012000002304,,31741 ,PPK8,2L PL ,PEPSI
,PEPSI NXT,012000150265,012000150265,,130883 ,PPK8,2L PL ,PEPSI NXT
,DT PEPSI,012000002311,012000002311,,8729 ,PPK8,2L PL ,DT PEPSI
,MDEW,012000002335,012000002335,,3130 ,PPK8,2L PL ,MDEW
,PEPSI,012000002304,012000002304,,9776 ,PPK8,2L PL ,PEPSI
,PEPSI NXT,012000150265,012000150265,,131506 ,PPK8,2L PL ,PEPSI NXT
,STRB DS EXP CUBA,012000007392,012000007392,,159677 ,PPK12,6.5OZ CN ,STRB DS EXP CUBA
,STRBK DS SLT CRML,012000007293,012000007293,,159662 ,PPK12,6.5OZ CN ,STRBK DS SLT CRML
,STRBK DS,012000001772,012000001772,,82697 ,PPK12,6.5OZ CN ,STRBK DS
,STRBK DS LT,012000008801,012000008801,,95960 ,PPK12,6.5OZ CN ,STRBK DS LT
,STRBK DS PRTN CRM,012000161933,012000161933,,159734 ,PPK12,11OZ CN ,STRBK DS PRTN CRM
,STRBK DS PRTN COF,012000044946,012000044946,,148052 ,PPK12,11OZ CN ,STRBK DS PRTN COF
,STRBK DS PRTN DC,012000044960,012000044960,,148053 ,PPK12,11OZ CN ,STRBK DS PRTN DC
,STRBK DS PRTN VB,012000044953,012000044953,,148054 ,PPK12,11OZ CN ,STRBK DS PRTN VB
,GAT FT PNCH,052000338300,052000338300,,127840 ,PPK8,64OZ PL ,GAT FT PNCH
,GAT GLCR FRZ,052000335828,052000335828,,130362 ,PPK8,64OZ PL ,GAT GLCR FRZ
,GAT LL,052000338324,052000338324,,127842 ,PPK8,64OZ PL ,GAT LL
,GAT ORG,052000338317,052000338317,,127841 ,PPK8,64OZ PL ,GAT ORG
,RKSTR PRE 0 PNCH,818094003087,818094003087,,140652 ,PPK24,16OZ CN ,RKSTR PRE 0 PNCH
,RKSTR PRE 0 SI,818094002240,818094002240,,140651 ,PPK24,16OZ CN ,RKSTR PRE 0 SI
,MU MLK KO CHOC,876063002806,876063002806,,140533 ,PPK12,14OZ PL ,MU MLK KO CHOC
,MU MLK MNT CHOCOL,876063002820,876063002820,,140532 ,PPK12,14OZ PL ,MU MLK MNT CHOCOL
,MU MLK INT VAN,876063002813,876063002813,,140534 ,PPK12,14OZ PL ,MU MLK INT VAN
,RKSTR PK PF BRY,818094000697,818094000697,,141366 ,PPK24,16OZ CN ,RKSTR PK PF BRY
,Kickstart 16oz Black Cherry,012000043000,012000043000,,142070,PPK12,16OZ CN ,Kickstart 16oz Black Cherry
,Kickstart 16oz Limeade,012000043017,012000043017,,142071,PPK12,16OZ CN ,Kickstart 16oz Limeade
,MDEW KICKSTART RASBERRY CITRUS,012000162473,012000162473,,159418 ,PPK12,12OZ CN ,MDEW KS HB RAZ CT
,MDEW KSTRT WTML,012000151194,012000151194,,154692 ,PPK12,12OZ CN ,MDEW KSTRT WTML
,MDEW KSTRT BL ORG,012000151217,012000151217,,154693 ,PPK12,12OZ CN ,MDEW KSTRT BL ORG
,MDEW KSTRT HB PMO,012000141430,012000141430,,147896 ,PPK12,12OZ CN ,MDEW KSTRT HB PMO
,MDEW KSTRT HB SK,012000141423,012000141423,,147897 ,PPK12,12OZ CN ,MDEW KSTRT HB SK
,Fruit Shoots 10.1oz NAS Strawberry & Raspberry,699632001136,699632001136,,133414,PPK24,10.1 OZ PL,Fruit Shoots 10.1oz NAS Strawberry & Raspberry
,Fruit Shoots 10.1oz NAS Orange,699632001099,699632001099,,138996,PPK24,10.1 OZ PL,Fruit Shoots 10.1oz NAS Orange
,Fruit Shoots 10.1oz NAS Apple,699632001112,699632001112,,137793,PPK24,10.1 OZ PL,Fruit Shoots 10.1oz NAS Apple
,Fruit Shoots 10.1oz Strawberry & Raspberry,699632001006,699632001006,,133416,PPK24,10.1 OZ PL,Fruit Shoots 10.1oz Strawberry & Raspberry
,Fruit Shoots 10.1oz Berry Burst,699632000856,699632000856,,133415,PPK24,10.1 OZ PL,Fruit Shoots 10.1oz Berry Burst
,Fruit Shoots Orange 10.1oz,699632000993,699632000993,,137794,PPK24,10.1 OZ PL,Fruit Shoots Orange 10.1oz
,Pepsi 12oz Glass,012000004438,012000004438,,141765,PPK24,12 OZ BTL,Pepsi 12oz Glass
,Mountain Dew 12oz Glass,012000004452,012000004452,,141977,PPK24,12 OZ BTL,Mountain Dew 12oz Glass
,MDEW DSHNE 12oz Glass,012000005923,012000005923,,148774 ,PPK24,12OZ LNK NR 1/24,MDEW DSHNE 12oz Glass
,Orange Crush 12oz Glass,078000019506,078000019506,,142029,PPK24,12 OZ BTL,Orange Crush 12oz Glass
,Propel 20oz Zero Kiwi Strawberry,052000707786,052000707786,,104843,PPK24,20 OZ PL,Propel 20oz Zero Kiwi Strawberry
,Propel 20oz Zero Berry,052000707779,052000707779,,104844,PPK24,20 OZ PL,Propel 20oz Zero Berry
,Propel 20oz Zero Grape,052000707793,052000707793,,104842,PPK24,20 OZ PL,Propel 20oz Zero Grape
,Gatorade 28oz Fierce Blue Cherry,052000104103,052000104103,,141809,PPK15,28 OZ PL,Gatorade 28oz Fierce Blue Cherry
,Gatorade 28oz Strawberry Lemonade,052000102970,052000102970,,138030,PPK15,28 OZ PL,Gatorade 28oz Strawberry Lemonade
,Gatorade 20oz Glacier Cherry,052000102475,052000102475,,142666,PPK24,20 OZ PL,Gatorade 20oz Glacier Cherry
,Gatorade 20oz Fierce Melon,052000200041,052000200041,,103660,PPK24,20 OZ PL,Gatorade 20oz Fierce Melon
,Gatorade Protein Bar Chocolate Chip 2.8OZ,052000104325,052000104325,,142079,PPK12,2.8 OZ ,Gatorade Protein Bar Chocolate Chip 2.8OZ
,Gatorade Protein Bar Chocolate Caramel 2.8OZ,052000104332,052000104332,,142080,PPK12,2.8 OZ ,Gatorade Protein Bar Chocolate Caramel 2.8OZ
,Brisk 1L Iced Tea & Cherry Limeade,012000042669,012000042669,,142146,PPK15,1 LTR PL,Brisk 1L Iced Tea & Cherry Limeade
,BRISK GUAVA GINGER ,012000173301,012000173301,,166250 ,PPK15,1 LTR PL,BRISK GUAVA GINGER 
,Brisk 1L Iced Tea & Tropical Lemonade,012000042737,012000042737,,142143,PPK15,1 LTR PL,Brisk 1L Iced Tea & Tropical Lemonade
,Starbuck's 15oz Energy Coffee Hazelnut,012000042461,012000042461,,141600,PPK12,15 OZ CN,Starbuck's 15oz Energy Coffee Hazelnut
,Schweppes 20oz Original Seltzer,078000214406,078000214406,,37344,PPK24,20 OZ PL,Schweppes 20oz Original Seltzer
,Schweppes 20oz Black Cherry Seltzer,078000202403,078000202403,,137644,PPK24,20 OZ PL,Schweppes 20oz Black Cherry Seltzer
,Schweppes 20oz Lemon Lime Seltzer,078000209402,078000209402,,142451,PPK24,20 OZ PL,Schweppes 20oz Lemon Lime Seltzer
,Rockstar 16oz Sparkling Cherry Citrus,818094002899,818094002899,,142837 ,PPK24,16 OZ CN,Rockstar 16oz Sparkling Cherry Citrus
,Rockstar 16oz Sparkling Killer Peach,818094000444,818094000444,,142838 ,PPK24,16 OZ CN,Rockstar 16oz Sparkling Killer Peach
,Rockstar 16oz Pure Zero Blue Ice,818094004084,818094004084,,142630 ,PPK24,16 OZ CN,Rockstar 16oz Pure Zero Blue Ice
,Rockstar 16oz Pure Zero Mango Orange,818094000482,818094000482,,142839 ,PPK24,16 OZ CN,Rockstar 16oz Pure Zero Mango Orange
,MM P40 INT VAN,876063002813,876063002813,,140534 ,PPK12,14OZ PL ,MM P40 INT VAN
,MM P40 KO CHOC,876063002806,876063002806,,140533 ,PPK12,14OZ PL ,MM P40 KO CHOC
,MU P40 MLK MNT CHOCOL,876063002820,876063002820,,140532 ,PPK12,14OZ PL ,MU P40 MLK MNT CHOCOL
,MM CHOC 100,876063005951,876063005951,,153863 ,PPK12,12OZ PL ,MM CHOC 100
,MM ORGNC CHOC,876063007559,876063007559,,153860 ,PPK12,12OZ PL ,MM ORGNC CHOC
,MM ORGNC VAN,876063007580,876063007580,,153862 ,PPK12,12OZ PL ,MM ORGNC VAN
,MM SMTH BLBRY,876063006224,876063006224,,154185 ,PPK12,15.8OZ PL 1/12,MM SMTH BLBRY
,MM SMTH STWBN,876063006200,876063006200,,154186 ,PPK12,15.8OZ PL 1/12,MM SMTH STWBN
,MM SMTH STRW BAN,876063006200,876063006200,,154186 ,PPK12,16OZ PL 1/12,MM SMTH STRW BAN
,MM SMTH EXT BRY,876063006224,876063006224,,154185 ,PPK12,16OZ PL 1/12,MM SMTH EXT BRY
,MST TWST LL,012000150098,012000150098,,155430 ,PPK24,20OZ PL 1/24,MST TWST LL
,MST TWST LL,012000150050,012000150050,,155416 ,PPK8/1,2L PL 1/8S,MST TWST LL
,MST TWST LL,012000150173,012000150173,,155441 ,PPK12/2,12OZ CN 12/2 FM,MST TWST LL
,DT MDEW,012000030406,012000030406,,144750 ,PPK12,16OZ CN 1/12,DT MDEW
,MST TWST LL,012000150395,012000150395,,156094 ,PPK12,16OZ CN 1/12,MST TWST LL
,FRAP COF,012000045516,012000045516,,151319 ,PPK15,9.5OZ NR 15/1,FRAP COF
,FRAP CRML,012000152757,012000152757,,156108 ,PPK15,9.5OZ NR 15/1,FRAP CRML
,FRAP MCH,012000103131,012000103131,,57933 ,PPK15,9.5OZ NR 15/1,FRAP MCH
,FRAP VAN,012000045523,012000045523,,151215 ,PPK15,9.5OZ NR 15/1,FRAP VAN
,FRAP COF 1/15,012000003554,012000003554,,158166 ,PPK15L,9.5OZ NR 1/15,FRAP COF 1/15
,FRAP CRML 1/15,012000002717,012000002717,,158167 ,PPK15L,9.5OZ NR 1/15,FRAP CRML 1/15
,FRAP MCH 1/15,012000006494,012000006494,,158168 ,PPK15L,9.5OZ NR 1/15,FRAP MCH 1/15
,FRAP VAN 1/15,012000004100,012000004100,,158171 ,PPK15L,9.5OZ NR 1/15,FRAP VAN 1/15
,BRSK APL IT,012000141638,012000141638,,156464 ,PPK15,1 LTR PL,BRSK APL IT
,RKSTR JC TROP PF,818094007450,818094007450,,157792 ,PPK24,16 OZ CN,RKSTR JC TROP PF
,RKSTR PRZR LMNADE,818094007115,818094007115,,157791 ,PPK24,16 OZ CN,RKSTR PRZR LMNADE
,MDEW  DEWSA,012000163371,012000163371,,160671 ,PPK24,20OZ PL 1/24,MDEW  DEWSA
,MDEW LBRTY,012000183652,012000183652,,170600 ,PPK24,20OZ PL 1/24,MDEW LBRTY
,MDEW ICE CHE,012000180576,012000180576,,168426 ,PPK24,20OZ PL 1/24,MDEW ICE CHE
,MDEW MERRY MASH UP,012000181085,012000181085,,168661 ,PPK24,20OZ PL 1/24,MDEW MERRY MASH UP
,CRSH ORG PP,078000014464,078000014464,,133070 ,PPK24,20OZ PL 1/24,CRSH ORG PP
,PEPSI FIRE,012000163562,012000163562,,160892,PPK24,20OZ PL 1/24,PEPSI FIRE
,PEPSI CRYSTAL,012000151262,012000151262,,157617 ,PPK24,20OZ PL 1/24,PEPSI CRYSTAL
,MST TWST CRAN LL,012000150203,012000150203,,155428 ,PPK24,20OZ PL 1/24,MST TWST CRAN LL
, NR FRAP PMKN SPC,012000160110,012000160110,,157734 ,PPK12,13.7OZ NR , NR FRAP PMKN SPC
,PRM LIFEWTR,012000161155,012000161155,,159298 ,PPK12,1L PL 1/12,PRM LIFEWTR
,PRM LIFEWTR,012000161162,012000161162,,159301 ,PPK12,700ML PL 1/12,PRM LIFEWTR
,Crush Watermelon 20oz,078000031102,078000031102,,166586,PPK24,20OZ PL 1/24,Crush Watermelon 20oz
,PEPSI SLT CRML,012000170089,012000170089,,163095 ,PPK24,20OZ PL 1/24,PEPSI SLT CRML
,MDEW  HLDY BRW,012000170669,012000170669,,163506 ,PPK24,20OZ PL 1/24,MDEW  HLDY BRW
,MDEW GMFL TRPSMSH,012000170508,012000170508,,163124 ,PPK24,20OZ PL 1/24,MDEW GMFL TRPSMSH
,MDEW GMFL ARCTBRS,012000170461,012000170461,,163125 ,PPK24,20OZ PL 1/24,MDEW GMFL ARCTBRS
,PEPSI FIRE,012000163562,012000163562,,160892,PPK24,20OZ PL 1/24,PEPSI FIRE
,MOuntain Dew SA,012000163371,012000163371,,160671 ,PPK24,20OZ PL 1/24,MOuntain Dew SA
,STRBK IL PMNT MCH,012000170171,012000170171,,162891 ,PPK12,14OZ PL 1/12,STRBK IL PMNT MCH
,Starbucks Iced Latte Salted Carmel Mocha,012000163739,012000163739,,161367 ,PPK12,14OZ PL 1/12,Starbucks Iced Latte Salted Carmel Mocha
,Propel Waremelon,052000013580,052000013580,,159435 ,PPK24,20OZ PL 1/24,Propel Waremelon
,Propel Berry,052000707779,052000707779,,142539 ,PPK24,20OZ PL 1/24,Propel Berry
,Propel Grape,052000707793,052000707793,,142534 ,PPK24,20OZ PL 1/24,Propel Grape
,Propel Kiwi Strawberry,052000707786,052000707786,,142540 ,PPK24,20OZ PL 1/24,Propel Kiwi Strawberry
,RKSTR PRZR TMGS,818094005371,818094005371,,167236 ,PPK24,16OZ CN 1/24,RKSTR PRZR TMGS
,RKSTR PRZR ORG,818094005258,818094005258,,163098 ,PPK24,16OZ CN 1/24,RKSTR PRZR ORG
,RKSTR XDRNC SM BL,818094005579,818094005579,,168291 ,PPK24,16OZ CN 1/24,RKSTR XDRNC SM BL
,RKSTR XDRNC SM RD,818094005555,818094005555,,168289 ,PPK24,16OZ CN 1/24,RKSTR XDRNC SM RD
,RKSTR MOJITO,818094005074,818094005074,,160244 ,PPK24,16OZ CN 1/24,RKSTR MOJITO
,Yachat Infused Mate,859584007055,859584007055,,165227,PPK12,16OZ CN 1/12,Yachak Infused Mate
,Yachat Berry Red,859584007017,859584007017,,165228,PPK12,16OZ CN 1/12,Yachak Berry Red
,Yachat Berry Blue,859584007031,859584007031,,165230,PPK12,16OZ CN 1/12,Yachak Berry Blue
,Yachat Ultimate Mint,859584007079,859584007079,,165229,PPK12,16OZ CN 1/12,Yachak Ultimate Mint
,RKSTR PNCHD,818094003049,818094003049,,120746 ,PPK12,24OZ CN 1/12,RKSTR PNCHD
,STRBK IL PMKN SPC,012000170157,012000170157,,162783 ,PPK12,14OZ PL 1/12,STRBK IL PMKN SPC
,DRPEP,078000082166,078000082166,,84940 ,PPK12/2,12OZ CN 12/2 FM,DRPEP
,Gatorade Lime Cucumber,05000133264,05000133264,,151859,PPK24,20OZ WM PL ,Gatorade Lime Cucumber
,Gatorade Whey Protein Bar Almond Butter 2.1oz,052000016154,052000016154,,164698,PPK12,2.1OZ PL 1/12,Gatorade Whey Protein Bar Almond Butter 2.1oz
,Gatorade Whey Protein Bar Chocolate Chip Cookie Dough 2.1oz,052000041019,052000041019,,164699,PPK12,2.1OZ PL 1/12,Gatorade Whey Protein Bar Chocolate Chip Cookie Dough 2.1oz
,TPP OJ NO PULP,048500017753,048500017753,,122531 ,PPK12,12OZ PL 1/12,TPP OJ NO PULP
,TPP OJ SOME PULP,048500017777,048500017777,,129400 ,PPK12,12OZ PL 1/12,TPP OJ SOME PULP
,NJ BLUE MACHINE,082592727152,082592727152,,129379 ,PPK8,15.2OZ PL 1/8,NJ BLUE MACHINE
,NJ GREEN MACHINE,082592720153,082592720153,,129395 ,PPK8,15.2OZ PL 1/8,NJ GREEN MACHINE
,NJ MGTY MGO,082592660152,082592660152,,129381 ,PPK8,15.2OZ PL 1/8,NJ MGTY MGO
,NJ STRAW BANANA,082592194152,082592194152,,129372 ,PPK8,15.2OZ PL 1/8,NJ STRAW BANANA
,NJ PROTEIN ZONE,082592722157,082592722157,,129398 ,PPK8,15.2OZ PL 1/8,NJ PROTEIN ZONE
,KEVITA SPD LMN GNGR,853311003006,853311003006,,163552 ,PPK12,15.2OZ NR 1/12,KEVITA SPD LMN GNGR
,KEVITA SPD LMN CYNE,853311003303,853311003303,,163551 ,PPK12,15.2OZ NR 1/12,KEVITA SPD LMN CYNE
,KEVITA MBK GNGR,853311003587,853311003587,,163558 ,PPK12,15.2OZ NR 1/12,KEVITA MBK GNGR
,KEVITA MBK PNAPL PCH,853311003600,853311003600,,163557 ,PPK12,15.2OZ NR 1/12,KEVITA MBK PNAPL PCH
,YACHAK OGC YM SF MND,859584007437,859584007437,,169266 ,PPK12,11.5OZ CN 1/12,YACHAK OGC YM SF MND
,YACHAK OGC YM SF STW,859584007352,859584007352,,169267 ,PPK12,11.5OZ CN 1/12,YACHAK OGC YM SF STW
,DOLE RR GRPFT 100,012000182822,012000182822,,169237 ,PPK12,15.2OZ PL 1/12,DOLE RR GRPFT 100
,GATORADE ZRO GLCR CHE,052000042146,052000042146,,169373 ,PPK24,20OZ WM PL 1/24,GATORADE ZRO GLCR CHE
,JUMEX RF CIT PNCH,076406100002,076406100002,,169054 ,PPK12,600ML PL 1/12,JUMEX RF CIT PNCH
,JUMEX RF CONGA SG,076406100019,076406100019,,169048 ,PPK12,600ML PL 1/12,JUMEX RF CONGA SG
,JUMEX RFSPKGRPFRT,076406100057,076406100057,,169060 ,PPK12,600ML PL 1/12,JUMEX RFSPKGRPFRT
,JUMEX RFSPKORGADE,076406100040,076406100040,,169058 ,PPK12,600ML PL 1/12,JUMEX RFSPKORGADE
,Mtn Dew AMP Game Fuel Charged Orignial Dew 16oz SS,012000180613,012000180613,,168768,PPK12,16OZ CN 1/12,Mtn Dew AMP Game Fuel Charged Orignial Dew 16oz SS
,Mtn Dew AMP Game Fuel Charged Tropical Strike 16oz SS,012000180606,012000180606,,168767,PPK12,16OZ CN 1/12,Mtn Dew AMP Game Fuel Charged Tropical Strike 16oz SS
,Mtn Dew AMP Game Fuel Charged Berry Blast16oz SS,012000180590,012000180590,,168766,PPK12,16OZ CN 1/12,Mtn Dew AMP Game Fuel Charged Berry Blast16oz SS
,Mtn Dew AMP Game Fuel Charged Cherry Burst 16oz SS,012000180583,012000180583,,168765,PPK12,16OZ CN 1/12,Mtn Dew AMP Game Fuel Charged Cherry Burst 16oz SS
,BUBLY Cherry 20oz SS,012000181580,012000181580,,168905,PPK24,20OZ PL 1/24,BUBLY Cherry 20oz SS
,BUBLY Mango 20oz SS,012000181597,012000181597,,168907,PPK24,20OZ PL 1/24,BUBLY Mango 20oz SS
,BUBLY Strawberry 20oz SS,012000171628,012000171628,,165048,PPK24,20OZ PL 1/24,BUBLY Strawberry 20oz SS
,GAT KW STRW,052000044003,052000044003,,170367 ,PPK15,28OZ PL 1/15,GAT KW STRW
,GAT ZRO KW STW,052000044034,052000044034,,170539 ,PPK15,28OZ PL 1/15,GAT ZRO KW STW
,Gatorade Zero Glacier Freeze 28oz ,052000043280,052000043280,,168657,PPK15,28OZ PL 1/15,Gatorade Zero Glacier Freeze 28oz 
,Gatorade Zero Berry 28oz ,052000043143,052000043143,,168449,PPK15,28OZ PL 1/15,Gatorade Zero Berry 28oz 
,Pure Leaf Mango Hibiscus 18.5oz SS,012000181030,012000181030,,168940,PPK12,18.5OZ PL 1/12,Pure Leaf Mango Hibiscus 18.5oz SS
,Pure Leaf Peach Hibiscus 18.5oz SS,012000181054,012000181054,,168941,PPK12,18.5OZ PL 1/12,Pure Leaf Peach Hibiscus 18.5oz SS
,Pure Leaf Cherry Hibiscus 18.5oz SSOZ,012000180941,012000180941,,168944,PPK12,18.5OZ PL 1/12,Pure Leaf Cherry Hibiscus 18.5oz SSOZ
,Rockstar Xdurance Peach + Iced Tea  16oz,818094006361,818094006361,,169904,PPK24,16OZ CN 1/24,Rockstar Xdurance Peach + Iced Tea  16oz
,Rockstar Xdurance Super Sours Green Apple  16oz,818094006385,818094006385,,169907,PPK24,16OZ CN 1/24,Rockstar Xdurance Super Sours Green Apple  16oz
,Stbx Frapp Almond Milk Mocha 13.7oz,012000171116,012000171116,,166272,PPK12,13.7OZ NR 1/12,Stbx Frapp Almond Milk Mocha 13.7oz
,Stbx Frapp Almond Milk Vanilla 13.7oz,012000171093,012000171093,,166273,PPK12,13.7OZ NR 1/12,Stbx Frapp Almond Milk Vanilla 13.7oz
,Stbx Frapp Flavor LX Caramelized Vanilla Honey 13.7oz,012000181429,012000181429,,169975,PPK12,13.7OZ NR 1/12,Stbx Frapp Flavor LX Caramelized Vanilla Honey 13.7oz
,Stbx Frapp Flavor LX Toasted White Chocolate 13.7oz,012000181467,012000181467,,169976,PPK12,13.7OZ NR 1/12,Stbx Frapp Flavor LX Toasted White Chocolate 13.7oz
,Stbx Frapp Flavor LX Salted Dark Chocolate13.7oz     ,012000181443,012000181443,,169977,PPK12,13.7OZ NR 1/12,Stbx Frapp Flavor LX Salted Dark Chocolate13.7oz     
,Stbx Tripleshot Mocha 15oz,012000181290,012000181290,,169443,PPK12,15OZ CN 1/12,Stbx Tripleshot Mocha 15oz
,Stbx Tripleshot Vanilla 15oz,012000181313,012000181313,,169444,PPK12,15OZ CN 1/12,Stbx Tripleshot Vanilla 15oz
,Stbx Tripleshot Caramel 15oz,012000181337,012000181337,,169445,PPK12,15OZ CN 1/12,Stbx Tripleshot Caramel 15oz
,Baja Zero 20oz SS,012000183386,012000183386,,169696,PPK24,20OZ PL 1/24,Baja Zero 20oz SS
,Crush Watermelon 20oz,078000031102,078000031102,,166586,PPK24,20OZ PL 1/24,Crush Watermelon 20oz
,RKSTR BAJA MGO,818094005616,818094005616,,170487 ,PPK24,16OZ CN 1/24,RKSTR BAJA MGO
,RKSTR XD BLU RAZ,818094007726,818094007726,,171868 ,PPK24,16OZ CN 1/24,RKSTR XD BLU RAZ
,RKSTR XD CTN CNDY,818094005579,818094005579,,168291 ,PPK24,16OZ CN 1/24,RKSTR XD CTN CNDY
,RKSTR XD MSHMLW,818094007702,818094007702,,171869 ,PPK24,16OZ CN 1/24,RKSTR XD MSHMLW
,RKSTR BAJA  GUAVA,818094006095,818094006095,,170616 ,PPK24,16OZ CN 1/24,RKSTR BAJA  GUAVA
,GAT BOLT MXD BRY,052000044218,052000044218,,171854 ,PPK12,16.9OZ PL 1/12,GAT BOLT MXD BRY
,GAT BOLT TROP MGO,052000044201,052000044201,,171881 ,PPK12,16.9OZ PL 1/12,GAT BOLT TROP MGO
,GAT BOLT WTMLN STW,052000044225,052000044225,,171758 ,PPK12,16.9OZ PL 1/12,GAT BOLT WTMLN STW
,VOSS STILL WATER ,068243061173,068243061173,,166573,24L,12.7 OZ,VOSS STILL WATER 
,VOSS STILL WATER ,068243061174,068243061174,,166566,12L,27.1 OZ,VOSS STILL WATER 
,VOSS STILL WATER PET ,068243040009,068243040009,,166574,24L,11.15 OZ,VOSS STILL WATER PET 
,VOSS STILL WATER PET ,068243040010,068243040010,,166571,24L,16.9 OZ,VOSS STILL WATER PET 
,VOSS STILL WATER PET ,068243040011,068243040011,,166565,12L,28.7 OZ,VOSS STILL WATER PET 
,O.N.E. COCONUT WATER  ,089499100191,089499100191,,137745,12L,16.9 OZ,O.N.E. COCONUT WATER  
,O.N.E. PINEAPPLE COCONUT WATER  ,089499100185,089499100185,,137744,12L,16.9 OZ,O.N.E. PINEAPPLE COCONUT WATER  
,O.N.E. COCONUT WATER  ,089499100104,089499100104,,122204,12L,33.8 OZ,O.N.E. COCONUT WATER  
,NAKED PURE COCONUT WATER  ,08259201040,08259201040,,155836,12L,16.9 OZ,NAKED PURE COCONUT WATER  
,TROPICANA APPLE JUICE ,04850000861,04850000861,,90874,12L,15.2oz,TROPICANA APPLE JUICE 
,TROPICANA WATERMELON  ,04850020146,04850020146,,156248,12L,12oz,TROPICANA WATERMELON  
,STARBUCKS NITRO COLD BREW,04850020340,04850020340,,173244,12L,11OZ CN ,STARBUCKS NITRO COLD BREW
,STARBUCKS COLD BREW BLACK UNSWEETENED COFFEE  ,01200016252,01200016252,,159732,12L,11 OZ,STARBUCKS COLD BREW BLACK UNSWEETENED COFFEE  
,STARBUCKS COLD BREW BLACK SWEETENED COFFEE  ,01200017107,01200017107,,164922,12L,11 OZ,STARBUCKS COLD BREW BLACK SWEETENED COFFEE  
,STARBUCKS COLD BREW COCOA & HONEY W CREAM  ,01200016254,01200016254,,159733,12L,11 OZ,STARBUCKS COLD BREW COCOA & HONEY W CREAM  
,STARBUCKS COLD BREW VANILLA & FIG COFFEE  ,01200017105,01200017105,,166327,12L,11 OZ,STARBUCKS COLD BREW VANILLA & FIG COFFEE  
